{
  "Baseline (Non-Federated)": {
    "accuracy": [
      0.723814257864498,
      0.7995488294352664,
      0.781236667045029,
      0.834937401845251,
      0.8890542464865246,
      0.903050100569807,
      0.9568591522493408,
      0.956807971243524,
      0.9743128347909602,
      1.0145340062791188
    ],
    "precision": [
      0.7528094203019835,
      0.7505531929896648,
      0.8031412084590719,
      0.8563000341896261,
      0.9084333950515218,
      0.9265835303731736,
      0.9421751622978982,
      0.9620698705683189,
      0.9626024264539891,
      0.9929124283095662
    ],
    "recall": [
      0.6900867826370192,
      0.7075866397729648,
      0.7698971118223328,
      0.7921763914851208,
      0.7899641718258784,
      0.8743284384006146,
      0.8893008859477144,
      0.885670683917656,
      0.9203804080961399,
      0.9569750159224096
    ],
    "f1_score": [
      0.7598219149449966,
      0.7400074749964642,
      0.8046075131911559,
      0.8325368694714621,
      0.8523909885877062,
      0.8775807825195291,
      0.8778240375150796,
      0.9272494951788613,
      0.9611601519615505,
      1.0086357897288358
    ],
    "loss": [
      0.4766696756578748,
      0.46157083332940857,
      0.39036083191048576,
      0.36511546650603366,
      0.2831185461524595,
      0.28279305885599626,
      0.1990803406473273,
      0.13057054526124295,
      0.08102953116491671,
      0.02711787415184353
    ],
    "training_time": 5.010504961013794,
    "final_accuracy": 1.0145340062791188,
    "final_f1_score": 1.0086357897288358
  },
  "Federated Learning (Standard)": {
    "accuracy": [
      0.6774341208188663,
      0.756750152339646,
      0.780736784908615,
      0.8320258195214822,
      0.8479097362349741
    ],
    "precision": [
      0.7072522254199918,
      0.7583217704903022,
      0.805591095028167,
      0.8287925157534228,
      0.8205603393190859
    ],
    "recall": [
      0.627005064616716,
      0.6538981070050486,
      0.7432335228971707,
      0.7682077406459169,
      0.7185436485818353
    ],
    "f1_score": [
      0.641418339361572,
      0.6734280634073984,
      0.7233540193689295,
      0.8482518016881657,
      0.8074180563796542
    ],
    "loss": [
      0.5985803418651998,
      0.5142538776865516,
      0.4785412682656394,
      0.40202584204962255,
      0.3759820655196889
    ],
    "training_time": 5.0152201652526855,
    "communication_rounds": 5,
    "final_accuracy": 0.8479097362349741,
    "final_f1_score": 0.8074180563796542,
    "data_heterogeneity": "Dirichlet(\u03b1=0.5)"
  },
  "Federated Learning (High Non-IID)": {
    "accuracy": [
      0.68947775470035,
      0.6987484892295039,
      0.757795383025603,
      0.7340900051151426,
      0.7922495823021942
    ],
    "precision": [
      0.6921623333933766,
      0.6757269630262936,
      0.703221603756084,
      0.700758000812259,
      0.7643210288921432
    ],
    "recall": [
      0.6349762106848088,
      0.6573124800924617,
      0.6785400419576221,
      0.6235476376630871,
      0.6413535839473897
    ],
    "f1_score": [
      0.7167579483071436,
      0.7164840637734267,
      0.6760544214657795,
      0.734114199136534,
      0.7137920482637863
    ],
    "loss": [
      0.6246775829055355,
      0.5517013379377498,
      0.47284185486050445,
      0.41448347924867107,
      0.36076061230565376
    ],
    "training_time": 5.0101518630981445,
    "communication_rounds": 5,
    "final_accuracy": 0.7922495823021942,
    "final_f1_score": 0.7137920482637863,
    "data_heterogeneity": "Dirichlet(\u03b1=0.1)"
  },
  "Multimodal (Image + Text)": {
    "accuracy": [
      0.7769479009642961,
      0.8055850088384885,
      0.8519716454537346,
      0.8867066617639058,
      0.9446255683827224
    ],
    "precision": [
      0.7817887834723047,
      0.8160039496472379,
      0.817832652080206,
      0.9133610190175298,
      0.8813482545515477
    ],
    "recall": [
      0.7740413968068588,
      0.7839316369820827,
      0.7902383722157653,
      0.8773379493472143,
      0.8774537569196007
    ],
    "f1_score": [
      0.7235479814997998,
      0.7988608210046602,
      0.8330974005736572,
      0.857641007022839,
      0.8563194247324901
    ],
    "loss": [
      0.5733513708509186,
      0.4921959265321522,
      0.4842800646349403,
      0.34456668676190766,
      0.3578649236909866
    ],
    "training_time": 6.016578197479248,
    "communication_rounds": 5,
    "modalities": "image + text",
    "final_accuracy": 0.9446255683827224,
    "final_f1_score": 0.8563194247324901
  }
}